X1,X2,Y
1.582766741,-0.028895295,1.553871446
2.060841217,-1.641776316,0.419064901
0.855325156,-2.297060185,-1.441735029
-0.467759895,-0.46862762,-0.936387516
0.652151974,-0.410623606,0.241528368
-0.42765515,0.638337868,0.210682718
0.447432077,0.052098482,0.499530559
0.681193803,0.843733199,1.524927002
0.297142534,-0.754898261,-0.457755727
0.488619062,-1.576910791,-1.088291729
-1.023610745,1.280907682,0.257296937
0.753394025,1.451635582,2.205029607
-0.851855745,-0.061319165,-0.913174911
-0.775682579,0.708473862,-0.067208717
-1.346658408,-0.421731264,-1.768389672
-1.702605637,0.162344631,-1.540261006
0.763644303,-0.012963445,0.750680858
-0.799529286,1.09957347,0.300044184
-0.19634321,0.698741803,0.502398593
-0.163582577,0.448731663,0.285149085
-1.716296347,1.414016548,-0.302279799
-0.261544954,0.356216053,0.0946711
-0.965198108,0.353419609,-0.611778499
-0.395535812,0.281741631,-0.113794181
1.079731266,1.371843185,2.451574451
0.954518696,2.210234017,3.164752713
-0.385086466,-0.019854575,-0.404941041
0.266119578,0.311351344,0.577470922
1.888968456,-0.021516074,1.867452382
0.092774313,0.316248909,0.409023222
-1.455132612,1.995147693,0.54001508
2.269181947,0.701639026,2.970820974
-0.707502196,-0.556598316,-1.264100512
0.802375534,-0.561276794,0.24109874
0.023889467,2.170299975,2.194189442
0.354955588,-0.303156075,0.051799513
1.691035696,-0.305526475,1.385509221
-0.770340204,1.912941439,1.142601235
-0.170637252,0.988767534,0.818130282
-1.015876848,-0.006917358,-1.022794206
-0.899195894,0.842446492,-0.056749402
0.726180111,-1.467401162,-0.741221051
0.4769991,0.113688989,0.590688088
0.78518121,-0.319858011,0.465323199
-1.97464779,-0.04618532,-2.02083311
1.465505889,1.058411766,2.523917656
-0.891648984,1.152270649,0.260621665
-1.716667238,0.225388739,-1.491278498
1.228491663,1.336881324,2.565372987
-0.885779037,0.086222696,-0.799556341
-0.41205648,-1.038775105,-1.450831585
0.796775271,1.583376431,2.380151702
0.672855745,1.730967453,2.403823198
0.01544004,1.562188881,1.577628921
-1.493654499,0.33826048,-1.155394019
-0.930751591,-0.162592455,-1.093344047
-0.363139659,1.01871494,0.655575281
-1.169137949,1.317986963,0.148849014
0.631063229,-0.692311076,-0.061247847
1.130188095,1.156054122,2.286242217
-1.911633343,-0.242184919,-2.153818261
-0.422854348,-0.8807939,-1.303648248
0.108812569,0.182576994,0.291389562
0.198875418,0.883228823,1.082104241
1.825109307,-1.002416452,0.822692854
1.05643203,2.122697193,3.179129223
-1.204763874,0.238233996,-0.966529878
2.396375605,-0.445431277,1.950944329
1.955741706,1.032090226,2.987831931
-1.15033535,0.261789316,-0.888546034
-0.064634398,0.598366965,0.533732567
0.610451568,-0.189463282,0.420988286
-0.159540085,-0.005212892,-0.164752977
-1.461684244,-0.210998023,-1.672682267
2.019038678,-0.824491847,1.194546831
-1.199845795,-0.195955899,-1.395801694
-0.683276523,0.151682298,-0.531594225
0.500640945,0.413359074,0.914000019
-1.357643461,-1.122771396,-2.480414857
0.060326365,-0.39915769,-0.338831325
-0.681348171,0.466439525,-0.214908646
0.360090789,0.146731931,0.506822719
0.473596784,-0.604418555,-0.130821771
-1.192461183,-0.436700881,-1.629162064
-1.541100547,-0.83446153,-2.375562077
1.159051968,-1.764951655,-0.605899687
-1.475176601,0.585774652,-0.889401948
-1.300553657,-0.536673329,-1.837226986
1.524304394,-1.275559535,0.248744859
-1.073909179,0.064741543,-1.009167636
0.62435236,0.778233446,1.402585805
-0.495323795,0.738948633,0.243624838
-1.403468138,1.660308717,0.256840579
-0.915597677,-0.744919095,-1.660516772
1.197542066,-1.452306784,-0.254764718
-0.832386297,1.562097527,0.72971123
1.354242032,-0.640141094,0.714100937
-1.720534584,-0.793556603,-2.514091187
0.136867243,-0.892316049,-0.755448806
0.546445383,-2.048598731,-1.502153348
0.808829469,1.198276004,2.007105473
-0.485332481,1.306112095,0.820779614
0.899215226,-1.01668347,-0.117468244
0.142147818,-1.411214419,-1.269066601
-0.072579513,0.84164516,0.769065647
-0.95430826,0.052727777,-0.901580483
0.086628272,-1.216105974,-1.129477701
2.199567948,0.218691481,2.418259429
-1.157789403,0.858035209,-0.299754194
0.127207306,0.818678263,0.94588557
0.646485404,-0.934595655,-0.288110251
0.00061289,-2.200895219,-2.200282329
0.095329264,1.248617599,1.343946863
1.396606028,-0.925894079,0.470711949
1.185238023,-0.559629265,0.625608759
0.130814484,-1.39346075,-1.262646266
0.0254896,-1.238231468,-1.212741868
-0.671784046,0.197832631,-0.473951414
0.057485779,1.237969295,1.295455074
0.857150829,2.236564717,3.093715546
1.675839382,0.494481223,2.170320604
-0.587419696,-0.525394039,-1.112813735
-0.230683534,-1.049164566,-1.2798481
0.547418501,1.926789691,2.474208192
-1.362075682,1.754429744,0.392354062
0.809450091,-0.227678922,0.581771168
0.541041241,2.289997168,2.831038409
-0.996133323,-0.680305972,-1.676439295
-0.119320626,-0.103206634,-0.222527261
1.421110249,0.362769723,1.783879973
-0.942074951,1.25674608,0.31467113
-1.061220062,-0.540224103,-1.601444164
0.623347238,0.717494318,1.340841556
0.409376528,0.418423477,0.827800006
-0.389991902,0.580604133,0.190612231
0.367233606,2.488239425,2.855473031
1.118535015,-1.834753012,-0.716217997
-0.252213151,-0.272878816,-0.525091967
0.509745573,-0.790323462,-0.28057789
0.666613453,-0.275460829,0.391152624
0.229897474,1.118345768,1.348243243
1.754126363,1.212807843,2.966934206
0.912060063,1.228934789,2.140994852
0.749769526,0.610464098,1.360233624
1.517198897,0.348999253,1.86619815
1.75116702,0.042790134,1.793957153
-0.867500412,0.259888965,-0.607611447
-0.411864562,0.737244195,0.325379633
0.420782624,-3.363647451,-2.942864827
-0.818001616,0.383620732,-0.434380883
-0.941623471,0.737971339,-0.203652131
1.282034162,-1.087099699,0.194934463
1.001452339,-0.539964197,0.461488142
1.136551891,-1.350755895,-0.214204004
-0.415956535,-0.280183598,-0.696140133
-1.013207985,-0.651777221,-1.664985206
-0.267211356,-0.561681491,-0.828892847
0.995272174,1.769741576,2.76501375
0.149264775,0.517655714,0.666920489
-0.04076662,1.323230821,1.282464201
0.070115222,-0.559684568,-0.489569346
-0.395980608,-1.348923581,-1.74490419
-0.932211369,-0.520795746,-1.453007114
-0.777971528,0.626984572,-0.150986956
-0.01840311,-1.450878111,-1.469281221
1.111094077,0.033850203,1.14494428
-0.525384122,-1.623709267,-2.149093389
1.828897953,1.63211083,3.461008782
0.877983526,0.908409338,1.786392864
-0.72672087,-1.409013909,-2.135734779
-0.382002367,-0.603293484,-0.985295851
0.473572168,-0.434180175,0.039391993
-1.388425872,-0.531059513,-1.919485385
0.706708322,-2.641077099,-1.934368777
0.244424936,-2.21549816,-1.971073223
-1.874279311,-0.428343351,-2.302622661
-0.946817287,0.445897352,-0.500919935
-0.791708841,1.365900887,0.574192047
1.472691456,0.381819307,1.854510763
-0.673287015,1.05961628,0.386329264
1.339023445,-0.80938068,0.529642764
-0.536185255,-1.632450798,-2.168636053
-1.257530278,0.794433566,-0.463096712
0.802808346,-0.649578489,0.153229857
-0.232084673,1.842206487,1.610121814
0.160650991,-0.47374063,-0.313089639
-1.410151266,-1.858775138,-3.268926404
-1.073729382,0.124807554,-0.948921828
-0.750617689,0.460535997,-0.290081691
0.985745251,-0.823983413,0.161761837
-0.291386762,-0.094502019,-0.385888781
-1.529197153,-0.554773088,-2.083970241
-0.369887363,0.278898018,-0.090989345
-0.61680116,-1.556125446,-2.172926606
-0.900007723,-1.805563641,-2.705571364
0.52088299,0.868900648,1.389783638
-0.922138677,-2.30252677,-3.224665446
-0.663274368,-0.344627925,-1.007902293
0.739356122,1.452780599,2.192136721
-0.658266639,-0.217602783,-0.875869421
-1.41044298,-0.235042244,-1.645485225
-1.114127108,-0.089384068,-1.203511176
-0.787091909,1.392857025,0.605765116
0.173175963,0.489086135,0.662262098
-1.596206114,-1.327617825,-2.923823938
-0.932568761,1.094472812,0.161904051
1.255658417,1.378294695,2.633953112
-0.759262302,0.781321848,0.022059546
0.502135102,2.011590756,2.513725858
1.477579118,-0.392251597,1.085327521
1.104960832,-1.14812477,-0.043163938
-1.573874676,0.977966568,-0.595908108
-0.512109352,1.108338754,0.596229401
1.129767819,0.297123896,1.426891714
0.067633865,0.700684891,0.768318756
0.123220876,-0.516740358,-0.393519483
-0.202818766,0.64449602,0.441677255
0.209774863,0.562985886,0.772760749
0.911542351,-0.498283111,0.41325924
-0.018255087,-0.092056358,-0.110311445
0.627562448,0.782964712,1.41052716
0.059836113,1.337979083,1.397815196
-0.480466521,0.536426173,0.055959652
0.895030112,-0.391770493,0.503259619
1.257993007,-0.117730367,1.14026264
0.504024302,0.066598829,0.570623131
0.437308978,0.143984473,0.58129345
-0.91310717,-1.351707197,-2.264814367
1.067967898,0.078847722,1.14681562
-0.544933752,1.171527368,0.626593616
-0.985563093,-0.954071602,-1.939634695
0.114237617,0.25404997,0.368287587
-1.041769507,-0.051068855,-1.092838362
0.795172059,0.755099428,1.550271486
0.159532225,-0.343013671,-0.183481446
-1.256692142,-0.940430838,-2.19712298
0.5063665,-0.724523426,-0.218156926
0.208098092,-0.016023926,0.192074166
-0.283430395,-1.283737689,-1.567168085
2.409148469,1.385718205,3.794866674
-0.711667769,-0.077745643,-0.789413413
1.292140125,1.023045721,2.315185846
-1.10789577,1.200555861,0.092660091
1.116232529,-1.116395291,-0.000162762
-0.95170783,0.430363675,-0.521344154
0.659201341,-1.703639131,-1.04443779
2.485974022,0.095628886,2.581602908
-0.715054669,0.522797318,-0.192257351
2.122002855,0.054535266,2.176538122
0.242495706,-1.809143425,-1.566647719
-0.011194539,-0.221833317,-0.233027856
-0.878346943,0.055679931,-0.822667012
-0.667873201,-0.193934601,-0.861807802
0.399210451,1.443806169,1.84301662
-0.821124396,1.341328254,0.520203857
0.259808627,0.8560082,1.115816827
0.121316802,-1.547587427,-1.426270625
0.314968653,-0.801266081,-0.486297428
0.333749043,-0.041007086,0.292741957
-0.52505641,0.399226845,-0.125829565
-0.983577898,-0.302067252,-1.285645149
-1.260507906,1.230447478,-0.030060428
1.659891506,1.137954319,2.797845826
0.46773504,1.860509818,2.328244858
-0.037805021,-0.850453436,-0.888258457
-1.519449339,0.660628653,-0.858820686
0.143753546,0.498102757,0.641856303
1.43663083,0.171015161,1.60764599
-0.251268823,-0.052703966,-0.303972789
-0.754794888,0.054815897,-0.699978991
1.339719032,-1.823626016,-0.483906984
1.115080644,-1.258421635,-0.143340991
-1.601504978,-1.37466416,-2.976169139
-1.037707513,0.498414338,-0.539293175
-0.611043627,0.604711573,-0.006332054
0.048189199,0.61924433,0.667433528
1.337969603,1.115464197,2.453433799
0.81409562,-0.676851071,0.13724455
0.470524506,0.233864427,0.704388934
0.125448042,0.398860683,0.524308725
-0.445911051,0.512667884,0.066756833
2.251175659,-0.013300872,2.237874787
0.565916978,0.013078883,0.578995861
-1.319121498,1.052620719,-0.266500779
0.555235577,-1.859765509,-1.304529932
-0.368308196,0.57234732,0.204039124
0.125863577,-1.162222826,-1.036359249
0.819181806,0.079480873,0.898662679
-1.363399024,1.241744883,-0.121654141
-1.245678927,-0.258355728,-1.504034654
-0.160528058,1.261067149,1.100539091
-0.613275596,-0.482502383,-1.095777979
-0.231532664,-1.75408549,-1.985618154
-0.383917248,-0.140448659,-0.524365907
-0.574813216,1.609482454,1.034669238
0.453455829,1.022074951,1.475530779
0.072595208,-0.810714173,-0.738118965
-2.191322553,1.380230354,-0.8110922
1.588462899,0.09387462,1.682337519
0.451140149,-0.945738401,-0.494598251
-0.880977548,-1.398923256,-2.279900804
-0.504092569,1.71090391,1.206811341
0.1812783,0.645845136,0.827123436
-0.839366111,0.282553626,-0.556812485
0.363366962,-0.020790567,0.342576395
0.835151065,0.58875361,1.423904675
-1.137464546,-1.205136523,-2.342601069
-0.92913853,-0.599161644,-1.528300174
0.910753304,0.669751697,1.580505001
0.810560949,0.670420007,1.480980956
0.507610992,0.026579371,0.534190363
-0.50608099,0.349674324,-0.156406666
-0.926951994,-0.133631706,-1.0605837
0.217705312,0.913832947,1.131538259
-0.14484684,-0.654522172,-0.799369012
1.771180617,0.043974774,1.815155391
-1.14218461,-0.891036063,-2.033220673
0.689232665,-0.253157194,0.43607547
-0.19144539,0.347070653,0.155625262
1.946390593,0.429380799,2.375771392
2.655387636,-1.599763771,1.055623865
0.740161567,-1.946197553,-1.206035986
-0.705828547,-1.076207778,-1.782036325
0.442339976,-0.35665792,0.085682056
-1.506457533,-0.073170696,-1.579628229
-0.806314851,-2.474656753,-3.280971604
0.233113935,-0.63197071,-0.398856775
0.759464767,-0.52380425,0.235660517
0.508025011,-0.311926433,0.196098577
-0.305999656,-0.013769094,-0.319768751
0.074526849,-0.087932368,-0.013405519
0.622428712,1.443639385,2.066068097
1.460426675,-0.212850756,1.247575919
0.177658713,1.067014803,1.244673516
-0.509453049,-1.573763156,-2.083216204
1.021413509,-0.842484457,0.178929052
1.270351785,-0.9135039,0.356847885
-0.20712101,-1.639129591,-1.846250601
-0.812025103,-0.03670182,-0.848726922
1.229110126,-0.289318548,0.939791579
0.070891493,-2.267997683,-2.19710619
0.608792346,0.833785086,1.442577431
0.337361454,0.940954695,1.278316149
0.031723642,0.254333253,0.286056895
0.53913704,0.342656662,0.881793702
-0.388422738,1.666393828,1.277971089
-0.377958082,1.545611013,1.167652931
1.902934131,-1.696508559,0.206425573
-1.281798765,0.748441943,-0.533356822
-0.836871712,-1.973336193,-2.810207905
-1.236499194,-0.120094696,-1.35659389
1.925970032,0.382788319,2.308758351
-1.130117571,-0.116738317,-1.246855887
0.00158909,0.012968544,0.014557634
-0.723080934,-0.116900595,-0.839981529
-1.35964758,-0.395071278,-1.754718858
1.284209964,0.310612698,1.594822662
-1.428807235,-0.30361262,-1.732419855
-1.121429696,-0.496714826,-1.618144522
0.665062413,-0.439246903,0.22581551
0.400080525,-1.01894578,-0.618865255
0.204862907,0.51811825,0.722981157
0.594864194,-0.12029737,0.474566824
-0.232435989,-0.292094318,-0.524530307
0.391008166,-0.544321107,-0.15331294
2.571117808,-0.933949618,1.637168189
0.993230581,-1.156712943,-0.163482362
0.846135304,0.506642982,1.352778286
0.024619877,-0.594816827,-0.57019695
-0.506407474,-0.511075064,-1.017482538
-0.384796503,0.512338211,0.127541708
-0.03804084,0.083129461,0.04508862
1.038636509,-0.483344468,0.555292041
-0.115867572,-0.354406737,-0.470274309
-0.350315206,-1.678087282,-2.028402489
-0.359304305,-0.819489715,-1.17879402
-0.211785571,1.691972022,1.480186451
0.318548896,1.203745108,1.522294004
-1.808567254,-0.175836198,-1.984403452
2.22972426,-0.345456684,1.884267576
-0.727342327,0.416136988,-0.311205339
-0.927028849,-0.97406968,-1.901098529
1.202839311,-1.192748882,0.010090429
-0.56952062,0.220757621,-0.348763
1.003923979,0.887742268,1.891666247
-0.03203176,-0.087812972,-0.119844732
-0.039190403,0.006301403,-0.032889
-2.853300613,-0.189730387,-3.043031
-1.248084776,0.353866061,-0.894218714
0.714064498,0.3859229,1.099987398
0.789746926,-1.069841505,-0.280094579
-1.225963279,0.780917554,-0.445045725
0.358636704,-0.966248037,-0.607611332
1.050162018,-1.260736659,-0.210574641
1.814508226,1.791063576,3.605571802
-0.74388942,0.714019507,-0.029869913
-0.761957691,-1.230683638,-1.992641329
0.006359782,-0.27728566,-0.270925879
0.154772254,-0.369489852,-0.214717598
0.009660365,-0.186409957,-0.176749592
-0.536398933,-0.434431033,-0.970829966
0.4102624,-0.565731405,-0.155469005
0.643475061,0.284205426,0.927680487
0.683362975,0.998175303,1.681538278
-0.518762949,0.866752732,0.347989783
0.073615195,-0.49832419,-0.424708995
-0.105497635,-0.677277068,-0.782774703
1.49970997,-0.844335797,0.655374173
-0.142218318,-0.161363495,-0.303581813
-0.145372387,2.004176753,1.858804367
-0.287925073,0.39375778,0.105832706
-0.816438256,-1.656366195,-2.472804451
0.626675363,-0.641838649,-0.015163286
0.359647507,-0.432499301,-0.072851795
0.25917808,0.44288529,0.70206337
-0.983678865,-0.501291958,-1.484970823
0.356651973,-0.20365732,0.152994652
0.7866524,-0.478653411,0.307998989
-0.335738462,1.053198674,0.717460211
-1.539134647,-0.202106308,-1.741240956
0.579759494,-0.798477891,-0.218718396
1.062314291,0.076411895,1.138726186
-0.141289682,1.005170495,0.863880813
-0.221959546,-0.370519049,-0.592478595
0.476131358,1.160913424,1.637044781
-0.975842502,-0.728930773,-1.704773274
-1.023903506,-0.776667394,-1.800570899
-0.484800282,0.44763426,-0.037166023
0.801294225,-1.161970933,-0.360676707
-1.756960802,-0.507091897,-2.2640527
0.905142281,-0.48192335,0.423218932
0.544454191,-0.176373981,0.36808021
-1.283358973,-1.165443892,-2.448802865
0.297365473,-1.278922261,-0.981556788
-0.913604322,1.657288139,0.743683817
-1.533028257,0.236474629,-1.296553628
0.445527649,-0.659035364,-0.213507715
-0.763220818,-0.079246309,-0.842467127
1.191909778,1.806779956,2.998689734
2.519295536,1.556051941,4.075347476
0.619736617,0.982680827,1.602417444
1.814185024,1.326420515,3.140605539
-0.333910812,-0.330127606,-0.664038418
-0.314164238,-0.059867808,-0.374032046
-0.094490902,-0.260879942,-0.355370844
0.302761273,0.624578083,0.927339355
1.794362742,-0.627220068,1.167142674
0.667296358,-0.216512978,0.45078338
0.101044445,0.595618509,0.696662954
-0.814407965,-0.764141659,-1.578549624
0.013640438,1.989670307,2.003310745
-1.294300823,-0.304723148,-1.599023971
-1.097860065,-0.292743693,-1.390603758
-1.236251106,-0.202651023,-1.438902129
-0.327728124,-0.917036998,-1.244765122
-0.638391787,-1.30531574,-1.943707527
1.678677935,1.019698101,2.698376036
-0.093380223,-1.319004182,-1.412384405
-0.040041145,0.22109519,0.181054045
0.597306647,0.486723043,1.08402969
-0.088841423,-0.152461078,-0.241302502
0.410245315,0.059229502,0.469474817
0.827795816,1.242004881,2.069800697
-0.512058337,1.737656613,1.225598276
1.505935628,1.696656005,3.202591633
0.602783599,-2.082832718,-1.480049119
1.729767628,-0.22971374,1.500053888
0.001461357,1.740695214,1.74215657
-0.893776784,-0.906930024,-1.800706808
0.656589963,0.244574248,0.901164212
1.108869999,-0.745099837,0.363770162
-0.780600449,-1.031686971,-1.81228742
-0.124181292,0.478584495,0.354403202
1.552325115,0.827696014,2.380021129
-0.574037531,-0.33041964,-0.904457171
-0.331958925,1.890725277,1.558766352
0.686444396,0.549833394,1.236277791
0.336733438,0.137514799,0.474248237
-1.092472453,-1.075575392,-2.168047845
-0.512921072,0.984053983,0.471132911
0.719372549,0.221527548,0.940900097
-0.487525347,1.034031736,0.546506389
-0.517926702,-0.065783783,-0.583710485
-2.149439711,0.535140766,-1.614298946
-1.515542768,-0.730827726,-2.246370494
0.255770378,-1.417325312,-1.161554934
0.043959924,1.599885131,1.643845055
-0.740286068,0.623649505,-0.116636563
-0.142980957,-0.928046182,-1.071027139
0.608100775,-1.444399762,-0.836298987
-0.612296746,-0.296153923,-0.908450669
-0.438616617,-0.958482471,-1.397099088
1.456226153,-0.589297354,0.866928799
-0.49396712,-1.147130378,-1.641097498
-1.585953799,2.811252668,1.225298869
0.033109742,-0.697873863,-0.664764121
0.322065858,1.541024284,1.863090142
-1.621919877,0.653027075,-0.968892802
1.993123738,0.03327448,2.026398218
0.261985223,0.674703482,0.936688705
0.255294631,0.469958339,0.72525297
0.042866182,1.417310146,1.460176329
-1.007192298,0.649794987,-0.357397311
1.316449405,-0.416522543,0.899926863
-1.690243875,0.242502689,-1.447741186
0.619856691,-0.341634285,0.278222406
0.160445631,1.475997792,1.636443423
0.576347343,-0.367596689,0.208750654
-1.485082634,0.456390624,-1.02869201
-0.712043513,0.260846055,-0.451197458
0.80744132,-0.186534231,0.62090709
-0.600701685,-1.239631255,-1.84033294
-1.761909155,-0.061424155,-1.82333331
-0.424914176,1.281239993,0.856325817
0.610114278,1.19993512,1.810049398
0.284638663,0.685667295,0.970305958
1.550747827,1.25372977,2.804477597
-0.583577973,1.134205226,0.550627254
1.306839428,-0.714672885,0.592166543
0.565213825,-0.024670394,0.540543431
-0.681426321,-0.070906976,-0.752333297
-0.033527,1.096528886,1.063001886
0.046774356,-0.273514296,-0.22673994
-1.055730784,0.479919092,-0.575811693
0.573542262,-0.96016945,-0.386627188
-0.101698194,-0.248420054,-0.350118248
0.474198616,-1.274974921,-0.800776305
-0.520693397,2.662399361,2.141705964
-0.957654505,1.670559771,0.712905266
1.012027229,-0.349710386,0.662316843
-0.987488739,0.812863188,-0.174625551
0.695536161,0.958204699,1.65374086
-0.989086418,-0.025256833,-1.014343251
-1.729813436,-0.641813035,-2.37162647
-0.220580786,0.438683702,0.218102915
0.216888207,0.715451936,0.932340143
-1.598756276,-0.310504279,-1.909260555
-0.288902929,-0.189356636,-0.478259565
-1.460626695,1.207603284,-0.253023411
-0.989622294,0.047873623,-0.941748671
0.877504743,-0.526815886,0.350688858
-1.995776342,-0.599691878,-2.59546822
0.203825719,0.878597442,1.082423161
-0.186702014,-0.712648042,-0.899350056
0.89933532,-0.403844333,0.495490986
-0.158862192,0.223853167,0.064990975
-0.494253031,-0.521218079,-1.01547111
-1.093419147,0.367698272,-0.725720876
0.520184733,-1.85075441,-1.330569677
-0.190021569,0.877373248,0.687351679
0.268480022,0.901864994,1.170345016
0.245793221,0.12414199,0.369935211
0.125190751,0.117494858,0.242685609
0.155373468,-0.774807353,-0.619433885
-0.468526738,-0.338512986,-0.807039724
-0.483378451,0.55481034,0.071431889
-0.802870977,-1.383599941,-2.186470918
1.775068314,1.076792353,2.851860667
-0.029485021,-1.299234809,-1.32871983
-0.614391391,-2.241212706,-2.855604097
-0.14247874,-0.851756838,-0.994235578
-2.05165453,0.335026992,-1.716627538
-0.551674726,-1.00104982,-1.552724547
0.054049906,0.745672861,0.799722766
0.058000816,-0.54719146,-0.489190644
0.292771157,-1.132073532,-0.839302375
-2.885320449,2.177417005,-0.707903444
0.085910423,-0.400846113,-0.31493569
0.089581075,0.946154187,1.035735261
-0.610548249,0.530004236,-0.080544013
0.899352765,-0.123649229,0.775703536
0.770982392,-1.447427798,-0.676445406
-0.284667312,-0.683612037,-0.968279349
1.240477587,1.218962966,2.459440553
-0.114518262,0.462595389,0.348077127
-0.052571599,0.772748551,0.720176952
-1.792884175,-0.131928604,-1.924812779
0.760491224,2.202956495,2.963447719
-0.171960306,-0.079576924,-0.251537231
-0.942033179,0.300138135,-0.641895044
0.80325129,-0.951413077,-0.148161787
0.659195556,0.341008737,1.000204293
0.430152622,0.493268651,0.923421273
-0.008297019,-0.553507452,-0.561804471
0.858454649,-0.217066831,0.641387819
-1.007703902,-0.623013368,-1.63071727
-1.181736532,1.421651367,0.239914835
-0.794903348,0.222143692,-0.572759655
0.421304278,-0.496714702,-0.075410424
-0.476498982,0.789331172,0.31283219
0.832891857,0.285383098,1.118274955
0.658193238,-1.140020956,-0.481827717
-0.530083284,0.920199475,0.390116191
-2.280837519,1.576857785,-0.703979734
1.026300997,0.035844698,1.062145696
0.650050901,-0.567023958,0.083026943
1.305599771,0.377444475,1.683044246
-0.137963969,-1.246819302,-1.38478327
0.866514444,-0.655042156,0.211472288
0.023700635,-1.028061626,-1.004360991
0.573727589,0.73306236,1.30678995
-0.421058577,-0.68786401,-1.108922587
-0.028160289,0.73789939,0.7097391
-0.950623226,-0.128036157,-1.078659383
-1.715364133,1.39623235,-0.319131783
-0.3973525,0.800105045,0.402752545
0.037653918,-0.730550307,-0.692896388
1.037437369,0.455340342,1.49277771
1.864934644,-1.087980723,0.776953921
0.641720889,-0.561533855,0.080187034
0.455532972,-0.600366412,-0.14483344
-0.52838796,2.531952182,2.003564222
0.869024884,0.137779598,1.006804482
1.227172573,-1.713884376,-0.486711803
1.742796756,-1.641753513,0.101043243
-1.058007312,0.47395034,-0.584056972
-1.16926255,-1.517547567,-2.686810117
0.660840526,-0.03439889,0.626441636
0.595073321,-0.597506693,-0.002433372
0.346884965,0.250739046,0.59762401
1.182334515,0.462491265,1.64482578
-2.306765193,0.368460037,-1.938305156
0.650731645,1.579737903,2.230469548
1.04603749,-1.108274311,-0.062236822
-0.459887338,0.643352889,0.183465551
-1.448153057,-0.447695897,-1.895848954
-0.262950787,-0.719539568,-0.982490355
-0.225570524,0.716728863,0.49115834
0.891991188,-1.347576724,-0.455585536
-1.503349714,0.200593217,-1.302756497
0.159720504,-1.686062344,-1.526341841
0.024108748,-0.321378187,-0.297269439
0.537020064,-0.097514161,0.439505904
-0.086641733,-0.183627384,-0.270269117
-0.298425407,0.626387676,0.327962269
0.765564006,-1.122919771,-0.357355765
-2.178352036,-0.939565961,-3.117917997
0.391456876,-1.62212162,-1.230664744
1.887013366,-0.797588456,1.08942491
-0.206140057,-1.046751607,-1.252891664
1.927224324,1.035989792,2.963214116
-0.170793316,0.189658213,0.018864897
0.605881703,0.178218877,0.78410058
0.226201424,-0.254192996,-0.027991572
-0.105172227,0.594187602,0.489015375
-1.337761283,0.482712667,-0.855048616
-0.464559325,-0.663739742,-1.128299067
-1.010071355,0.204507684,-0.805563671
-0.243400925,-1.296485397,-1.539886322
1.51473518,0.669350161,2.184085342
0.48489316,1.051137828,1.536030989
-2.539135215,0.076256987,-2.462878229
-0.641527531,-1.408777831,-2.050305362
0.116692393,-0.872334359,-0.755641966
-1.029010576,0.466159395,-0.562851181
2.006401311,0.403669766,2.410071077
0.035380941,0.145100149,0.18048109
-0.199441674,-2.098419528,-2.297861202
1.191833743,-0.339250503,0.852583241
-0.453254195,0.441890982,-0.011363213
0.273348883,-0.265746732,0.00760215
0.831058875,0.11040916,0.941468035
1.385661533,0.488083584,1.873745117
-0.212167105,0.618687469,0.406520364
1.708267371,-0.21270728,1.495560091
0.88290751,0.247684537,1.130592047
-0.530612382,-1.492131543,-2.022743925
-0.953628604,-1.164806922,-2.118435526
1.712537605,-1.681713213,0.030824392
-0.075812191,1.799236401,1.72342421
-1.221526744,2.436577348,1.215050604
-1.273362167,-0.029039494,-1.302401661
-0.470051398,1.714811626,1.244760228
-0.138595304,0.639078191,0.500482887
1.291460477,-1.737402212,-0.445941735
0.054587835,-0.504118763,-0.449530928
0.805499628,0.710311671,1.515811299
-0.861007148,0.651921634,-0.209085513
-0.058586033,0.063809508,0.005223475
2.207391753,-0.306576487,1.900815267
-0.967161685,1.721257865,0.75409618
0.667579314,-0.063581736,0.603997579
1.710146369,0.138167564,1.848313933
0.790030944,-0.382632237,0.407398707
1.291953158,-1.383194666,-0.091241508
-0.029610963,0.811022399,0.781411436
0.253284994,-1.738417894,-1.4851329
0.022920497,0.536773166,0.559693663
-0.303806125,-0.604186198,-0.907992323
-1.540435946,-0.007260756,-1.547696702
-1.082307349,-0.094136472,-1.176443821
-0.744070627,-1.518572076,-2.262642703
-1.086479338,-1.012381894,-2.098861232
-0.450025423,-0.620501176,-1.0705266
-1.376060121,-0.376356266,-1.752416387
-0.401521191,-0.645018687,-1.046539878
0.573642168,0.366534451,0.940176619
-0.329024132,0.458543866,0.129519734
0.100155874,-0.313181299,-0.213025425
-0.435915663,-1.01587785,-1.451793513
0.89562797,-0.715144713,0.180483257
0.167081301,0.38746988,0.554551181
0.495034445,1.5205944,2.015628845
-0.184290238,0.227890672,0.043600434
0.36326951,0.879445024,1.242714534
-0.000996777,-1.66392871,-1.664925487
2.014776499,1.221746512,3.23652301
0.9115499,-1.053811316,-0.142261416
0.020432566,0.61318936,0.633621926
0.083630205,0.241960347,0.325590552
0.386145874,-1.515926561,-1.129780688
-0.715954031,-0.649864526,-1.365818557
1.589612809,0.289692042,1.879304851
0.71060057,-0.072592378,0.638008192
-0.436018098,-0.660596939,-1.096615037
0.174289335,-2.758749449,-2.584460114
-1.067489265,-0.67338885,-1.740878115
-0.016154907,-0.252876686,-0.269031592
-0.985051926,-1.061890199,-2.046942125
-0.125690952,0.133662132,0.00797118
0.957602195,0.161363465,1.11896566
-1.810070235,-0.648666096,-2.458736331
0.729070418,-1.118376509,-0.389306092
0.1054184,0.458260802,0.563679202
-1.164279991,-0.872449644,-2.036729635
0.085872022,-1.15221562,-1.066343598
2.964172977,0.057976163,3.02214914
-0.33149214,-1.135768535,-1.467260675
0.908863141,-1.709595746,-0.800732605
0.549102306,-0.269010819,0.280091487
0.447302672,-0.285120883,0.162181789
0.316915889,0.585319129,0.902235017
-0.636799992,0.072791409,-0.564008584
-0.708479652,-1.216803905,-1.925283557
-0.254219544,0.775630658,0.521411115
-0.275332186,-0.629102269,-0.904434455
1.915300455,0.50845464,2.423755094
-2.011500475,-0.974550845,-2.98605132
-0.39057636,0.753951784,0.363375424
-1.117546466,-1.892426095,-3.009972561
-0.897703854,-1.074677203,-1.972381057
-0.313653234,-0.880658405,-1.194311639
-0.168325745,-0.382523618,-0.550849363
0.968493583,0.281855285,1.250348868
0.227411001,-0.076608643,0.150802358
0.109104019,0.498150919,0.607254938
0.844301215,1.249191822,2.093493036
-0.785964864,0.154124421,-0.631840443
2.14290469,0.769603849,2.912508539
-0.010139841,-1.253411492,-1.263551334
-0.291789215,0.536118908,0.244329692
1.048158237,0.351862466,1.400020703
-0.108163836,-0.402836407,-0.511000244
-0.391087638,0.307361911,-0.083725727
0.741166037,-0.272041244,0.469124793
-0.592572824,0.500244702,-0.092328122
0.582277538,-0.469430618,0.11284692
1.032391389,-0.063132307,0.969259082
0.835034031,0.130751582,0.965785613
1.426158592,-0.842244021,0.583914571
0.287297503,-1.434140485,-1.146842983
0.559086427,0.022534837,0.581621264
0.829337834,0.516335508,1.345673342
0.961386718,-0.27951546,0.681871257
-0.579238096,1.035521695,0.456283598
-1.02622737,0.510455465,-0.515771905
-0.42426605,-1.055793447,-1.480059497
0.097773878,-0.61616713,-0.518393252
-1.108978945,-1.102051385,-2.21103033
-0.113216404,0.686526542,0.573310138
2.695686084,0.527046851,3.222732935
-0.593633569,-0.393139226,-0.986772796
-0.824010605,0.629619703,-0.194390902
-1.187228219,-0.048388782,-1.235617001
0.775875539,-2.366985943,-1.591110403
0.286702284,-0.083198001,0.203504283
0.519776196,-0.119067654,0.400708542
-1.154003945,-1.637992269,-2.791996213
-1.68267767,-0.732676843,-2.415354513
2.13779535,0.279291033,2.417086383
1.343451626,1.220706893,2.564158519
0.144304399,0.643538087,0.787842487
-0.395097026,0.988583348,0.593486322
-0.045231746,-1.047503507,-1.092735253
0.436527386,-0.048310413,0.388216974
1.118483047,-0.982412235,0.136070812
0.712588801,0.336703195,1.049291996
-0.787599633,1.949361693,1.16176206
-1.862839222,-0.011769327,-1.874608549
0.505546845,1.097822793,1.603369639
-0.719693999,-0.077970309,-0.797664307
1.154040053,0.098977742,1.253017795
1.293417978,0.609780088,1.903198067
-0.39482085,0.033907884,-0.360912966
-0.547080204,-0.772731774,-1.319811978
-0.064430463,0.136423448,0.071992985
-0.581315591,-0.106183938,-0.687499529
-0.244637788,2.485079693,2.240441905
-0.119685359,0.299381318,0.17969596
0.813915988,-0.460804045,0.353111943
-1.573320217,0.883611881,-0.689708335
-0.377395315,0.293427879,-0.083967435
-0.592135869,0.847804378,0.255668509
-0.763742918,-0.141925716,-0.905668634
-0.457788753,0.282830359,-0.174958394
0.354862151,0.638935313,0.993797464
0.187040082,-0.013175565,0.173864518
-0.310634874,-0.871585618,-1.182220492
0.220594573,-0.616124556,-0.395529983
-0.874086005,-0.168010304,-1.04209631
0.638831568,0.125247576,0.764079144
0.000886702,-1.418321652,-1.41743495
-0.460511806,-0.616343623,-1.076855429
-0.629649885,0.843546277,0.213896392
-0.320024928,2.089969505,1.769944577
0.408732535,-0.778952815,-0.370220279
0.066962275,0.766725796,0.83368807
1.105993776,0.855690712,1.961684488
-0.078131932,0.682409657,0.604277725
-0.204316047,1.305816696,1.101500649
-0.732115366,-0.426143815,-1.158259181
-0.351622052,0.672569376,0.320947324
1.794162838,-1.352466538,0.4416963
1.158585009,-0.859196368,0.299388641
-0.741374607,0.466072531,-0.275302075
-0.692209069,0.406823245,-0.285385823
-1.145579998,1.461820453,0.316240455
-0.024018407,0.613891315,0.589872908
-0.081861445,-1.353061016,-1.43492246
-1.838776088,-1.723771609,-3.562547698
-0.149714909,-0.969220798,-1.118935707
0.23472529,0.272102969,0.506828259
-0.293171494,0.658928168,0.365756675
1.460991337,-0.550360464,0.910630873
0.049025956,-0.267082125,-0.218056169
0.86380822,0.417277047,1.281085267
-0.291753704,-0.111295058,-0.403048762
1.738597993,-0.132062201,1.606535792
0.253070485,0.572586486,0.825656971
0.443052929,1.358730146,1.801783075
-0.221577576,-0.416357141,-0.637934718
-1.225534486,1.370996666,0.14546218
-0.64819398,-0.505232542,-1.153426523
0.488259231,-0.96932807,-0.481068839
-2.038575596,0.243147027,-1.795428568
-0.409305864,0.216652512,-0.192653352
0.715189474,-0.941985762,-0.226796288
-1.015043047,1.597416231,0.582373183
-0.161872059,-0.0069449,-0.168816958
-1.846752782,0.976646721,-0.870106061
0.319302264,-0.469989623,-0.150687359
-0.522583972,0.954103371,0.431519399
-1.224765513,1.488212539,0.263447026
0.195999916,0.011692623,0.207692539
-0.524005343,-2.136110993,-2.660116336
0.444388306,0.728684533,1.173072839
-0.611229332,0.67419727,0.062967938
-1.705119824,-0.019150924,-1.724270748
1.167140873,-0.491112005,0.676028868
-0.95560459,-0.755059545,-1.710664135
0.012693373,2.680507065,2.693200438
-0.146816038,-1.098409596,-1.245225634
1.417923501,0.582724708,2.000648209
-0.86175531,1.937078594,1.075323284
0.324216134,-0.878128612,-0.553912477
0.35418717,0.006331366,0.360518535
0.441430952,-1.746661465,-1.305230514
-0.586020491,-1.0790687,-1.665089191
-1.745389478,-0.28476411,-2.030153588
-0.0108132,-1.187981506,-1.198794706
0.66221473,-2.32874151,-1.66652678
0.817408666,0.908098432,1.725507098
0.298184325,0.680703499,0.978887825
0.788771667,-0.164821705,0.623949962
0.041861694,0.970185375,1.012047069
-0.544687328,-0.352326025,-0.897013354
-1.127624425,-2.069937908,-3.197562332
-0.264468245,0.426136682,0.161668437
0.148791686,0.711847415,0.860639102
0.377301097,0.323311643,0.70061274
-0.948040227,0.745834205,-0.202206022
0.799967908,-0.573243389,0.22672452
0.806215349,-1.087545172,-0.281329823
-0.074684649,1.06815119,0.993466541
-0.14995395,1.033537769,0.883583819
-0.811339405,-0.010330955,-0.821670359
1.572640343,0.021285822,1.593926165
0.353885035,-0.122301331,0.231583704
-0.91025225,-0.116770995,-1.027023245
0.041778193,-0.02873575,0.013042443
-2.261241998,0.796837163,-1.464404834
-0.409854178,-0.168251655,-0.578105833
-0.187363166,-2.061587642,-2.248950808
0.264187106,-0.525444231,-0.261257125
-0.510380679,1.045120348,0.534739669
0.508710716,-0.34723061,0.161480105
0.125445175,-0.622564829,-0.497119654
0.061463584,0.03101797,0.092481554
-1.128840352,1.11919529,-0.009645062
-0.622232714,1.171990144,0.54975743
-1.856675976,-0.318487985,-2.17516396
0.614173692,0.014354748,0.62852844
0.564402396,1.802268571,2.366670968
1.182015184,0.346895091,1.528910275
1.704474419,1.389995095,3.094469514
1.386224647,-0.126306137,1.259918509
0.310860927,-0.626322915,-0.315461988
-0.591017104,-0.153310271,-0.744327375
-0.275452583,-0.567228822,-0.842681405
0.246527843,1.559257801,1.805785643
0.224217472,-0.818577908,-0.594360436
0.199433111,-0.717386445,-0.517953334
0.488491157,-0.568242315,-0.079751159
-0.014556596,1.153742834,1.139186238
0.448673206,-0.453754432,-0.005081226
-0.164635146,-0.18426062,-0.348895766
-0.760686276,-0.18053969,-0.941225966
-1.363210362,-0.061147369,-1.424357731
-0.290490057,0.241062999,-0.049427058
0.065917891,-0.018218377,0.047699513
0.393435033,0.678956648,1.072391681
0.078307482,-0.741192329,-0.662884847
-1.331925382,-0.273185006,-1.605110388
0.361817764,-1.234363415,-0.872545652
0.680063636,-1.037960059,-0.357896422
1.623768969,0.072412031,1.696180999
-1.21125374,1.648540102,0.437286363
0.541673011,-0.110961462,0.430711549
-1.557211397,0.210767566,-1.346443831
-0.075746082,-1.501684032,-1.577430114
-1.949920882,-0.635805746,-2.585726627
-0.494073586,0.937511079,0.443437493
-0.444377589,1.405624556,0.961246967
0.471249185,0.234257319,0.705506504
1.068318406,-0.838736134,0.229582272
-0.067573044,-0.671328711,-0.738901755
-0.304013405,0.509495639,0.205482234
-0.628884896,-1.990767235,-2.619652131
1.947475819,0.28643938,2.233915198
0.171255179,-0.038413836,0.132841342
0.044583973,0.415486101,0.460070075
-0.399068413,0.080828637,-0.318239776
0.04721514,-0.850408956,-0.803193816
-1.355562933,-0.762043591,-2.117606524
-0.821330613,1.698348633,0.87701802
0.764500668,-1.534378436,-0.769877769
-1.508920734,2.640699945,1.131779211
1.320022285,-0.23171188,1.088310405
0.24405453,-0.239859415,0.004195115
0.696548475,0.346868219,1.043416694
-0.034984623,0.8544837,0.819499078
0.703076097,-1.425670162,-0.722594065
-0.531470505,1.634208528,1.102738023
-0.308724765,1.067900627,0.759175862
0.135770177,0.782490022,0.9182602
0.922634604,0.761232678,1.683867282
-0.15814693,0.545590908,0.387443978
-0.049980787,-0.307275823,-0.35725661
0.081262813,-1.613026101,-1.531763288
-0.597180848,-0.015372608,-0.612553456
1.646593753,1.522206999,3.168800753
-1.389070258,-1.096761354,-2.485831612
0.074454487,-0.672566088,-0.598111601
-0.231822124,1.435475444,1.203653321
-1.452075833,-1.351300037,-2.80337587
-0.178371284,1.232092404,1.05372112
1.705869498,0.554317083,2.260186581
0.474592267,-0.772858082,-0.298265815
-2.069410925,0.870591852,-1.198819073
0.144406266,-0.358678319,-0.214272052
0.708015771,0.31606343,1.024079202
1.316946179,-0.265973635,1.050972544
-0.002258474,-1.768409747,-1.770668221
0.296000393,1.002655118,1.298655511
0.576646664,0.774608447,1.351255111
-0.863900979,0.69422307,-0.169677909
1.194518938,0.409398717,1.603917655
-1.388266498,0.536637128,-0.85162937
-0.520287327,0.194777948,-0.325509379
0.174724714,0.11990301,0.294627724
0.96074073,2.422357945,3.383098675
-0.752795108,-2.023032102,-2.77582721
0.796480824,0.823147644,1.619628469
1.076752801,1.798997413,2.875750214
0.959591674,0.388021269,1.347612943
-0.346097119,1.109390993,0.763293874
-0.14548756,0.701708419,0.556220859
-0.59106112,0.400674094,-0.190387026
-0.711929462,0.42931289,-0.282616572
-0.882620967,-0.469955049,-1.352576017
-0.896892146,-0.967510736,-1.864402882
-0.249449799,-0.35838197,-0.607831769
-2.080209331,0.772755435,-1.307453896
-0.42417671,0.309309864,-0.114866845
-0.039949926,-2.104780454,-2.144730379
-0.637556591,0.657196547,0.019639957
-0.464718826,-1.111656008,-1.576374834
-0.771120618,1.225046454,0.453925836
-0.418234374,0.723035949,0.304801575
-1.020171645,-0.347349933,-1.367521577
